GEOLABEL,2008-01,2008-02,2008-03,2008-04,2008-05,2008-06,2008-07,2008-08,2008-09,2008-10,2008-11,2008-12,2009-01,2009-02,2009-03,2009-04,2009-05,2009-06,2009-07,2009-08,2009-09,2009-10,2009-11,2009-12,2010-01,2010-02,2010-03,2010-04,2010-05,2010-06,2010-07,2010-08,2010-09,2010-10,2010-11,2010-12,2011-01,2011-02,2011-03,2011-04,2011-05,2011-06,2011-07,2011-08,2011-09,2011-10,2011-11,2011-12,2012-01,2012-02,2012-03,2012-04,2012-05,2012-06,2012-07,2012-08,2012-09,2012-10,2012-11,2012-12,2013-01,2013-02,2013-03,2013-04,2013-05,2013-06,2013-07,2013-08,2013-09,2013-10,2013-11,2013-12,2014-01,2014-02,2014-03,2014-04,2014-05,2014-06,2014-07,2014-08,2014-09,2014-10,2014-11,2014-12,2015-01,2015-02,2015-03,2015-04,2015-05,2015-06,2015-07,2015-08,2015-09,2015-10,2015-11,2015-12,2016-01,2016-02,2016-03,2016-04,2016-05,2016-06,2016-07,2016-08,2016-09,2016-10,2016-11,2016-12,2017-01,2017-02,2017-03,2017-04,2017-05,2017-06,2017-07,2017-08,2017-09,2017-10,2017-11,2017-12,2018-01,2018-02,2018-03,2018-04,2018-05,2018-06,2018-07,2018-08,2018-09,2018-10,2018-11,2018-12,2019-01,2019-02,2019-03,2019-04,2019-05,2019-06,2019-07,2019-08,2019-09,2019-10,2019-11,2019-12,2020-01,2020-02,2020-03,2020-04,2020-05,2020-06,2020-07,2020-08,2020-09,2020-10,2020-11,2020-12,2021-01,2021-02,2021-03,2021-04,2021-05,2021-06,2021-07,2021-08,2021-09,2021-10,2021-11
European Union,"10,265","8,700","8,210","8,620","9,535","9,595","11,580","11,300","12,225","11,960","10,335","9,275","12,915","12,380","12,700","12,785","12,165","12,985","14,385","13,940","14,295","15,835","15,860","14,690","13,215","14,855","16,205","12,595","12,385","13,130","13,660","15,735","18,560","20,215","17,990","16,370","15,715","17,435","19,760","17,865","23,015","20,725","20,045","20,500","21,770","21,240","20,130","19,135","18,115","17,035","17,405","15,855","17,775","18,350","20,960","21,725","24,075","30,900","26,765","21,430","22,970","20,635","22,815","26,025","27,135","28,860","30,360","28,785","33,765","37,380","32,390","27,065","33,285","28,605","30,150","32,535","36,680","38,870","48,505","47,300","58,590","59,695","56,075","60,275","58,510","63,760","59,570","57,150","65,565","87,115","111,940","137,650","161,295","162,020","151,220","101,065","93,470","106,290","98,075","101,850","95,890","115,910","111,610","130,100","115,595","75,240","67,150","55,630","54,885","52,630","58,475","44,125","50,985","52,895","52,845","55,225","52,970","52,910","51,660","40,660","51,490","44,070","44,595","45,565","47,075","45,220","48,665","46,085","47,235","54,730","50,875","38,515","53,730","50,310","51,475","48,395","50,455","44,820","55,580","49,825","54,460","62,920","59,905","49,410","62,595","55,735","31,475","7,990","12,020","27,915","37,565","36,450","38,555","39,310","36,780","30,690","31,395","29,510","34,295","32,560","33,335","39,350","44,550","50,155","60,810",:,:
Belgium,"1,060",845,735,725,805,890,935,940,"1,035","1,230","1,015",885,"1,270",955,"1,010",990,985,"1,045","1,210","1,275","1,550","1,910","2,050","2,355","1,240","2,480","1,520","1,145","1,255","1,320","1,550","1,965","2,245","2,450","2,225","2,160","1,870","1,840","2,300","2,065","1,805","1,690","1,795","2,310","2,545","2,650","2,290","2,195","1,845","1,540","1,510","1,395","1,520","1,395","1,550","1,460","1,660","1,725","1,390","1,345","1,185","1,020",950,895,885,860,"1,080",975,"1,225","1,080",955,855,990,785,850,900,845,"1,090","1,265","1,510","1,725","1,540","1,145","1,405","1,210","1,070","1,160","1,110","1,615","2,315","3,130","5,160","6,360","5,525","5,530","4,810","2,395","1,310","1,015",925,830,775,"1,035","1,250","1,100","1,290","1,170","1,155","1,150","1,080","1,210","1,080","1,080","1,045","1,170","1,240","1,315","1,345","1,235","1,085","1,455","1,200","1,345","1,125","1,320","1,165","1,810","1,770","1,985","2,205","1,665","1,080","2,270","1,665","1,755","1,785","1,500","1,625","1,925","1,940","2,230","2,480","2,070","1,855","2,225","1,625",895,170,225,320,710,"1,070","1,365","1,435","1,505","1,365",950,960,"1,135","1,185","1,080","1,445","1,640","2,080","2,620","2,030",:
Bulgaria,0,0,0,0,0,0,0,0,0,0,0,0,0,0,0,0,0,0,0,0,0,0,0,0,0,0,0,0,0,0,0,0,0,0,0,0,100,80,60,45,25,45,60,70,55,70,65,30,60,55,50,30,65,65,55,105,105,190,200,255,245,215,410,250,275,410,435,695,940,"1,230","1,245",630,810,770,395,295,515,610,890,"1,090","1,195","1,400","1,355","1,480","1,055","1,025","1,105","1,120","1,325","1,605","1,850","1,435","2,060","3,530","2,395","1,660","1,910","1,155",990,"1,045","1,080","1,385","1,505","2,790","2,065","2,550","1,730",795,375,355,505,200,255,230,215,305,365,315,180,170,150,60,85,90,80,95,145,350,305,485,340,280,135,75,75,105,265,195,245,310,280,215,95,80,80,35,70,60,25,90,250,405,580,595,740,535,335,230,270,560,280,575,850,"1,525","1,275",:,:
Czechia,155,150,135,100,60,55,50,60,70,110,65,45,80,65,50,50,60,45,45,35,40,50,45,55,30,35,55,40,35,35,20,35,25,20,20,40,30,30,40,35,40,30,45,40,60,50,50,30,45,55,40,20,50,50,25,50,30,60,35,45,45,30,50,35,40,35,40,65,30,40,35,40,40,35,70,65,80,55,75,85,125,100,70,110,95,90,170,105,85,85,75,85,100,115,115,110,100,150,110,115,75,90,85,90,115,120,80,75,110,90,95,70,110,90,105,85,95,110,90,80,110,95,95,95,110,90,125,120,115,115,150,135,170,200,165,125,135,100,135,130,95,100,115,105,85,90,40,15,20,35,105,65,80,95,100,65,55,50,60,70,75,85,75,255,100,:,:
Denmark,235,165,130,160,155,145,130,210,250,245,275,245,335,260,340,215,300,205,225,315,375,355,410,385,405,420,390,370,390,320,370,535,455,540,425,440,360,280,320,285,290,270,260,300,355,430,380,420,395,315,455,440,415,615,560,490,515,610,640,595,745,545,575,535,475,500,610,670,645,710,635,520,555,425,500,590,710,"1,000","1,700","2,290","3,065","1,840","1,105",755,630,425,450,545,870,"1,075","1,030","1,810","2,680","3,625","5,020","2,665","1,625",900,460,395,360,465,395,285,295,340,275,255,220,205,245,235,280,290,300,300,310,275,260,210,275,265,260,245,275,250,345,380,355,340,295,180,230,210,210,195,220,200,220,230,235,265,195,190,195,160,105,35,45,100,120,130,150,145,135,100,90,105,185,90,105,120,90,150,245,260,:
Germany,"2,395","1,815","1,535","1,690","1,595","1,670","1,790","1,660","1,965","1,945","1,730","1,540","2,435","2,035","2,075","1,950","1,885","2,000","2,605","2,525","2,690","2,685","2,515","2,170","2,715","2,435","2,705","2,455","2,410","2,890","3,375","4,085","4,765","4,975","4,740","3,695","3,895","3,365","3,625","3,030","3,495","3,255","3,550","4,060","4,180","4,180","4,885","4,170","4,655","3,905","3,695","3,285","3,585","4,120","4,745","5,480","6,915","10,195","8,965","4,870","7,505","5,955","5,770","7,705","7,670","8,590","9,790","9,815","11,720","13,265","12,385","9,210","12,905","10,160","10,165","10,475","11,555","12,475","16,800","16,025","17,065","19,225","19,030","17,055","22,905","24,065","29,995","25,830","25,105","34,075","36,505","36,305","44,480","58,125","57,685","46,725","57,215","72,830","65,270","66,250","59,695","78,625","76,545","92,105","76,500","32,385","25,895","18,965","18,745","17,435","19,875","14,580","16,180","14,960","16,105","18,280","16,175","15,915","17,520","12,485","16,960","14,085","13,865","12,970","12,245","13,465","14,980","14,590","12,430","14,245","13,150","8,900","15,475","13,175","11,860","11,660","12,180","9,315","13,335","12,195","11,690","12,040","11,165","8,355","13,245","11,030","7,865","5,620","4,490","5,610","8,590","8,155","10,475","9,830","10,160","7,460","9,705","8,765","10,805","9,545","9,735","11,515","13,270","13,045","13,845",:,:
Estonia,0,0,0,0,0,0,0,0,0,0,5,0,0,5,5,0,0,0,5,5,5,5,5,5,5,0,5,5,5,0,5,5,0,0,0,0,5,5,5,5,10,5,10,5,10,5,5,0,10,5,5,5,25,10,0,5,0,5,0,5,10,10,5,10,15,0,10,0,5,5,15,5,10,5,5,10,10,15,15,20,15,25,10,5,5,15,30,30,10,25,20,10,45,20,10,10,0,0,10,15,25,10,10,10,20,20,25,5,25,15,20,30,20,20,10,15,10,15,5,5,5,0,5,5,5,0,30,10,10,10,5,5,5,5,5,5,10,15,10,15,10,5,5,5,5,10,0,0,0,0,5,5,5,5,5,5,5,0,0,0,5,15,5,20,5,0,:
Ireland,310,290,295,295,295,320,330,325,360,355,320,295,250,270,270,235,225,240,205,225,195,205,175,160,190,175,165,160,180,155,160,170,150,140,155,120,135,125,125,85,100,115,110,110,95,70,115,95,100,85,55,65,75,70,90,85,65,105,70,70,80,80,65,90,80,70,70,65,80,80,110,70,100,85,110,95,105,105,130,125,140,130,155,170,215,200,210,265,255,335,290,330,405,265,290,210,210,190,140,155,140,155,160,195,220,185,225,260,165,225,215,170,295,210,175,215,335,315,290,305,310,285,375,220,220,235,300,325,360,375,305,345,400,340,360,340,385,385,445,415,665,430,285,295,305,240,175,30,15,40,105,110,165,125,65,155,140,80,135,110,120,110,155,260,330,:,:
Greece,0,0,0,0,0,0,0,0,0,0,0,0,0,0,0,0,0,0,0,0,0,0,0,0,0,0,0,0,0,0,0,0,0,0,0,:,0,920,"1,005",455,815,685,990,650,790,740,875,785,555,680,710,885,720,805,590,750,745,"1,255","1,030",850,755,705,610,745,595,530,760,575,630,750,670,540,650,760,630,655,635,535,660,390,555,745,580,790,925,895,790,855,"1,005","1,000","1,065",880,940,845,"1,000","1,160","1,050","1,320","2,820","3,615","4,215","4,185","3,940","3,450","5,040","6,160","7,470","6,615","6,250","5,520","4,750","2,605","3,900","4,035","3,970","4,890","5,740","6,200","5,220","3,860","4,630","3,945","4,375","5,095","5,650","5,585","5,900","4,940","5,830","7,065","6,900","5,065","5,335","5,290","5,305","4,455","4,720","4,160","5,550","5,335","6,735","9,490","10,315","8,215","9,210","8,510","2,320",0,650,"3,380","4,705","2,255","2,345","1,595","1,340","1,550","1,740","1,525","1,380","1,995","2,040","1,800","1,725","1,615","2,180",:,:
Spain,0,0,0,0,0,0,0,0,0,0,0,0,0,0,0,0,0,0,0,0,0,0,0,0,165,200,205,185,170,190,245,245,265,220,270,185,205,270,265,375,305,190,155,265,355,235,190,160,200,190,180,145,195,265,170,190,185,230,245,160,270,425,415,385,430,435,410,290,345,335,295,255,280,330,400,345,335,405,450,435,530,720,630,600,835,850,"1,220","1,330","1,055","1,290","1,145","1,030","1,405","1,470","1,740","1,225","1,095",925,885,"1,155","1,315","1,500","1,005","1,220","1,305","1,705","1,905","1,555","2,080","2,270","2,365","1,940","2,725","4,940","2,690","3,190","2,830","2,830","2,965","2,205","3,080","2,830","2,845","4,720","6,515","4,940","4,340","3,800","4,530","5,505","5,415","4,210","6,480","8,950","10,335","8,990","10,430","8,745","9,780","7,810","8,225","11,105","13,850","10,490","14,395","14,210","7,960",60,55,"7,095","8,985","10,305","7,590","6,310","5,620","3,800","3,935","4,375","4,250","3,860","4,030","4,540","4,340","4,205","6,230","7,055","8,545"
France,0,0,0,0,0,0,0,0,0,0,0,0,"2,905","3,755","3,640","3,490","2,815","3,475","3,550","3,200","3,480","4,135","3,720","3,905","3,325","4,350","4,600","3,835","3,720","3,800","3,755","3,620","3,830","4,655","3,910","4,625","4,150","4,325","4,920","4,785","4,625","4,125","4,215","3,695","4,205","4,610","3,960","4,520","4,175","4,660","4,425","3,965","3,845","4,225","4,750","4,405","4,175","5,680","4,650","5,310","4,635","5,100","5,370","5,400","4,655","5,095","5,635","4,535","4,510","5,840","4,810","4,890","4,690","4,935","5,540","5,395","4,305","4,710","5,045","3,900","4,815","5,580","4,555","5,380","4,025","5,135","5,610","5,175","4,355","5,150","5,330","5,240","7,070","7,735","7,145","8,595","5,900","6,380","6,220","5,950","5,945","6,075","6,075","7,120","6,910","6,980","6,150","7,080","7,215","7,105","8,155","7,285","7,285","6,875","7,735","7,585","6,985","8,185","8,630","8,935","10,765","10,075","10,050","11,120","9,650","8,855","9,655","10,385","10,730","13,105","12,395","9,800","13,100","11,920","11,905","11,370","10,560","10,400","12,245","10,885","12,230","13,635","10,345","9,700","11,710","9,920","6,015",175,"3,175","5,800","6,520","6,830","8,325","8,705","7,755","6,805","6,405","6,195","7,630","6,785","6,840","8,385","8,570","9,605","12,830","10,615",:
Croatia,0,0,0,0,0,0,0,0,0,0,0,0,0,0,0,0,0,0,0,0,0,0,0,0,0,0,0,0,0,0,0,0,0,0,0,0,0,0,0,0,0,0,0,0,0,0,0,0,0,0,0,0,0,0,0,0,0,0,0,0,165,145,165,100,90,30,40,45,80,95,55,30,50,25,35,25,30,30,40,35,30,40,25,15,10,15,15,10,5,5,10,5,20,20,15,10,40,50,160,190,100,90,90,230,360,395,260,175,45,45,55,65,70,65,110,110,60,95,120,40,50,60,110,25,55,65,45,95,45,85,25,30,30,20,30,35,65,60,120,180,215,140,180,195,170,145,80,30,15,50,265,180,95,170,245,90,170,125,150,205,180,255,220,195,205,:,:
Italy,"1,170","1,105","1,800","1,780","2,850","2,680","3,870","3,785","3,395","3,260","2,740","1,705","1,715","1,375","1,470","2,280","2,395","1,240","1,415",590,"1,080","1,305","1,850",655,"1,000",675,"1,030",730,940,975,815,515,810,865,"1,020",630,815,"2,495","2,990","2,005","6,875","6,420","4,690","4,080","3,935","2,805","1,990","1,200","1,120","1,150","1,405","1,040","1,510","1,030","1,535","1,530","1,425","2,170","1,985","1,270","1,640","1,165","1,865","1,810","1,685","1,930","2,360","2,475","2,400","3,215","3,015","2,165","3,375","3,175","3,795","4,215","5,370","4,555","5,605","5,065","7,220","8,890","6,785","5,610","4,530","4,870","5,430","4,490","5,130","5,265","8,510","8,775","11,105","10,365","8,245","6,075","7,395","7,595","7,295","7,785","9,080","9,815","10,870","11,290","12,295","13,315","13,435","11,020","11,570","11,820","13,510","9,405","11,940","12,805","12,050","10,070","10,390","9,625","8,325","5,040","7,100","6,065","5,845","4,520","5,135","5,155","4,420","2,400","3,240","3,595","3,535","2,430","3,175","2,680","2,595","2,565","3,115","2,820","3,075","2,265","3,005","3,890","3,340","2,485","3,060","3,060",850,120,890,"1,500","1,810",930,"1,055","2,915","2,580","2,560","2,325","2,310","2,695","2,415","2,730","2,870","3,205","3,845","6,260",:,:
Cyprus,245,440,425,310,315,275,435,220,325,230,335,365,305,370,220,210,270,240,245,175,270,315,335,245,215,210,190,175,210,230,205,165,190,210,350,485,185,145,130,120,160,145,130,115,190,175,165,85,120,110,135,130,145,120,155,150,155,150,130,85,95,130,75,70,75,65,70,95,105,130,130,100,85,110,120,90,100,115,125,120,165,185,140,120,155,125,150,145,120,135,155,120,330,235,245,190,220,230,185,185,170,160,225,215,265,340,405,250,255,355,505,215,250,265,440,275,635,375,550,360,415,380,530,395,500,535,545,710,890,"1,045",980,680,"1,085",805,"1,070","1,220","1,170","1,185","1,125",760,"1,010","1,340","1,175",750,875,"1,285",790,55,30,345,670,345,635,815,725,490,690,245,695,"1,180","1,175","1,580","1,455",525,"1,120",:,:
Latvia,0,0,0,0,0,5,0,10,0,20,10,5,0,0,0,0,0,0,10,5,5,20,5,0,0,5,0,10,5,5,5,5,5,5,5,5,5,20,5,15,40,25,60,50,55,30,25,10,10,25,30,15,25,20,5,10,20,10,15,5,5,5,15,15,10,10,35,30,25,15,10,10,10,20,40,15,20,45,65,35,45,30,15,30,15,15,15,25,30,50,30,20,45,70,10,5,10,15,10,40,5,45,25,30,25,55,60,30,55,45,55,50,20,35,15,20,20,15,15,5,15,20,15,10,10,10,30,15,10,20,10,10,5,5,10,10,5,25,25,20,15,25,20,10,10,5,25,5,0,5,10,5,25,20,10,30,10,5,5,10,5,20,30,385,50,:,:
Lithuania,0,0,0,0,0,0,0,0,0,0,0,0,15,15,10,10,20,10,5,20,50,25,15,20,10,25,15,5,35,20,20,35,30,55,75,50,10,30,25,10,15,15,25,70,40,45,50,70,40,20,35,55,50,50,65,35,50,35,50,70,20,25,15,15,10,25,0,45,10,30,25,30,20,25,30,10,20,35,20,30,35,30,65,65,15,25,5,25,25,10,35,30,20,35,20,25,10,10,20,10,15,45,35,65,40,100,50,15,60,10,30,70,40,60,85,35,20,40,35,35,15,15,5,30,35,30,50,50,45,40,45,30,50,25,40,35,40,45,45,75,75,55,35,110,20,25,5,0,5,20,15,25,25,15,55,35,35,30,30,95,95,320,985,"1,460",300,:,:
Luxembourg,0,0,0,0,0,0,0,0,0,0,0,0,0,0,0,0,0,0,0,0,0,0,0,0,0,0,50,45,45,40,40,50,90,90,105,95,105,145,230,145,130,95,150,210,310,60,170,165,220,130,200,195,255,175,225,130,120,165,115,65,75,70,70,90,65,85,95,75,110,120,85,50,90,70,70,45,80,65,75,90,125,125,110,85,85,95,85,70,85,95,90,165,365,375,425,430,260,135,105,125,115,170,120,195,195,275,165,200,230,225,225,185,195,145,160,180,190,185,155,250,185,125,130,135,150,140,235,215,205,180,245,275,240,200,225,185,135,135,150,205,165,220,160,180,165,120,120,25,25,60,110,110,165,135,115,155,85,75,85,105,90,110,110,120,140,:,:
Hungary,0,0,0,0,0,0,0,0,0,0,0,0,0,0,0,0,:,0,0,0,0,0,0,0,0,0,0,0,0,0,0,0,0,0,0,0,0,60,0,0,0,0,0,0,0,0,0,0,0,0,0,0,0,0,0,0,0,0,0,0,285,660,"1,320","1,945","3,320","4,075","2,170","1,100","1,035",740,900,"1,010","1,240",640,575,635,705,"1,105","1,510","2,105","4,770","5,250","8,885","13,790","11,655","16,405","4,750","6,485","9,800","16,385","30,870","46,720","30,495",490,195,175,335,"2,065","4,430","5,685","4,625","4,605","1,750","1,260","1,055","1,155",675,580,460,355,265,190,235,225,225,265,225,225,225,205,180,55,45,40,60,45,55,25,30,40,30,25,45,35,40,35,40,35,50,35,60,25,30,25,20,25,5,5,10,0,0,5,0,5,10,0,0,0,5,5,0,5,0,0,5,5,5
Malta,220,150,110,200,190,230,365,270,260,190,205,215,220,225,225,200,180,155,145,205,145,160,280,250,25,5,0,10,10,0,40,10,10,10,10,15,10,15,30,"1,130",365,100,25,15,20,75,35,55,75,20,30,15,395,400,170,175,345,40,335,60,25,20,60,160,125,55,435,740,290,115,125,50,75,40,65,130,60,195,125,95,180,125,75,115,65,160,120,105,160,115,140,115,170,230,190,130,105,135,145,105,120,170,130,175,165,220,145,110,120,105,160,105,170,140,175,120,125,175,130,95,145,125,125,120,140,160,150,170,225,260,250,160,240,120,230,180,315,245,520,280,530,555,510,295,340,285,105,0,20,165,265,215,200,355,290,165,170,155,120,115,75,55,75,70,80,:,:
Netherlands,905,860,885,925,"1,010","1,165","1,270","1,285","1,445","1,435","1,105","1,080","1,170","1,145","1,300","1,230","1,020","1,215","1,170","1,030","1,325","1,570","1,465","1,230","1,300","1,155","1,345",950,750,890,830,"1,060","1,240","1,310","1,415","1,050","1,045",915,890,815,"1,045",980,"1,010","1,050","1,015","1,050",955,790,930,895,825,665,605,645,710,790,720,"1,040",905,935,730,675,695,685,615,705,760,735,"1,025","1,185","1,050",960,"1,375",910,960,"2,220","3,255","1,700","1,995","2,120","2,865","1,900","1,250","1,225",890,735,805,"1,135","2,250","2,925","2,980","5,325","6,425","9,965","6,225","3,375","2,565","1,785","1,215",980,980,"1,110","1,530","1,755","1,875","2,035","1,920","1,540","1,380","1,270","1,370","1,160","1,280","1,335","1,530","1,430","1,390","1,310","1,295","1,340","1,560","1,200","1,385","1,445","1,570","1,290","1,930","2,020","2,240","2,220","1,840","1,770","1,845","1,655","1,870","1,860","1,640","1,680","1,955","1,875","2,025","2,085","2,070","1,930","1,945","1,500","1,005",265,335,645,"1,185","1,415","1,485","1,400","1,220","1,255",920,790,"1,025",905,955,"1,485","2,125","2,750","3,960","3,885","3,590"
Austria,0,0,0,0,0,0,0,0,0,0,0,0,0,0,0,0,0,0,0,0,0,0,0,0,0,0,0,0,0,0,0,0,0,0,0,0,0,0,0,0,0,0,0,0,0,0,0,0,0,0,0,0,0,0,0,0,0,0,0,0,0,0,0,0,0,0,0,0,0,0,0,0,"1,325","1,025","1,120","1,190","1,520","1,585","2,010","2,255","3,085","2,975","3,540","4,050","3,875","3,060","2,770","3,715","6,190","7,485","8,555","8,500","10,545","12,015","11,655","7,135","5,665","4,875","3,160","3,970","3,740","3,070","2,945","3,110","2,470","2,455","2,190","2,230","2,035","1,870","1,940","1,780","1,920","1,840","2,030","2,335","1,855","1,935","1,475","1,445","1,310","1,020","1,115",900,960,830,"1,005",915,915,955,885,770,870,770,870,820,880,850,"1,015",985,"1,000","1,010",870,"1,050","1,395",960,755,320,600,970,"1,045","1,360","1,375","1,665","1,395","1,560","1,445","1,715","1,465","1,390","1,760","1,995","3,020","4,570","4,380",:,:
Poland,360,635,510,565,460,480,490,585,950,710,645,810,310,290,415,405,445,"1,250","1,490","1,970",920,805,620,745,310,330,315,285,285,290,280,460,505,415,375,485,125,260,330,295,355,385,375,590,525,560,540,645,390,445,590,610,500,590,805,870,"1,255","1,205",945,970,615,700,"1,280","1,915","2,855","2,295","1,485",880,710,535,375,315,260,220,355,375,445,505,530,565,695,600,535,520,485,470,485,540,525,700,985,"1,235","1,490","1,260","1,095",985,535,785,"1,010","1,095","1,330","1,425","1,045",765,620,395,390,395,345,300,320,270,210,255,395,225,195,160,165,160,225,185,175,220,205,200,190,175,220,250,200,160,305,135,240,200,195,205,210,230,260,310,260,220,250,235,85,10,30,40,65,85,165,190,190,160,140,110,205,225,225,250,430,"1,030","1,440",815,:
Portugal,5,15,10,15,10,35,5,20,10,15,10,5,15,10,15,5,10,25,10,5,10,15,5,10,10,20,5,10,15,15,15,20,15,10,5,15,10,20,15,15,20,15,30,20,40,25,15,45,35,5,25,30,30,15,30,50,15,10,25,20,25,25,25,70,25,35,40,30,55,45,30,105,20,15,30,30,35,35,45,50,40,40,60,40,50,90,85,80,80,90,70,75,70,70,65,50,60,35,50,50,50,60,70,60,70,80,65,60,65,70,115,75,80,105,70,60,100,90,105,75,80,80,85,65,85,60,135,110,130,150,135,120,115,130,115,130,145,100,140,150,150,175,190,195,185,130,120,5,10,35,65,45,45,95,65,100,85,35,30,30,85,65,85,85,185,:,:
Romania,0,0,0,0,0,0,0,0,0,0,0,0,0,0,0,0,0,0,0,0,0,0,0,0,0,0,0,0,0,0,0,0,0,0,0,0,45,85,120,95,90,105,250,190,135,255,210,120,195,185,290,230,265,265,220,230,255,155,75,55,120,85,115,125,130,100,170,95,170,125,100,75,110,130,100,75,115,115,145,90,260,185,80,95,100,75,160,205,85,85,85,110,75,90,85,65,40,80,95,85,50,80,115,140,190,415,275,290,90,125,410,640,405,280,410,750,685,465,290,145,200,95,60,175,115,160,140,180,250,205,195,175,105,100,100,130,180,100,185,225,155,225,370,580,405,320,335,60,55,270,335,495,485,"1,050","1,170","1,045","1,040",790,820,940,725,495,575,500,"1,030",:,:
Slovenia,15,15,10,15,45,10,15,10,25,25,35,20,30,10,15,10,10,5,30,10,10,0,10,30,10,5,10,0,20,15,10,0,20,25,40,40,30,35,30,15,20,45,20,15,30,25,10,30,10,20,10,5,10,30,25,20,25,30,25,50,50,15,30,20,30,20,15,15,15,20,5,10,15,30,25,40,35,25,25,25,50,40,15,35,15,10,20,15,10,15,10,20,40,20,45,35,15,270,200,30,55,30,35,120,110,85,185,130,30,30,130,60,190,150,120,145,150,160,125,150,165,220,125,275,360,260,280,370,250,190,160,140,185,200,340,320,385,265,370,375,345,405,265,165,210,130,150,15,445,470,460,500,325,260,235,270,170,85,225,115,265,395,570,595,740,695,:
Slovakia,0,0,0,0,0,0,0,0,0,0,0,0,0,0,0,0,0,0,0,0,0,0,0,0,25,10,25,40,35,40,20,30,35,25,15,15,15,25,10,15,20,20,25,25,40,65,40,20,20,10,15,20,45,65,105,55,60,60,50,45,15,15,15,25,35,35,20,35,5,30,30,25,10,5,40,15,10,20,10,15,10,25,30,35,15,10,25,5,20,5,5,5,5,5,15,160,5,0,10,0,5,5,0,20,15,5,20,15,25,20,15,0,10,15,5,10,10,20,10,15,25,10,10,10,30,5,10,5,15,10,15,10,25,15,20,10,20,10,30,20,15,30,5,15,20,15,10,10,10,20,50,30,25,15,30,35,15,15,35,15,30,35,30,30,50,:,:
Finland,0,0,0,0,0,0,0,0,0,0,0,0,0,0,0,0,0,0,0,0,0,0,0,0,0,0,0,0,0,0,0,0,0,0,0,0,0,0,0,0,0,0,0,0,0,0,0,0,205,170,200,165,200,245,255,300,325,300,320,220,250,200,225,225,210,215,250,315,325,265,260,240,250,215,220,240,215,250,260,345,390,405,310,385,305,310,345,335,510,760,"1,455","2,865","10,805","6,985","5,690","1,785",980,825,340,365,315,335,335,460,470,310,275,270,235,355,425,400,425,420,440,430,270,315,310,300,295,225,240,235,240,235,225,270,280,255,200,245,205,170,190,155,205,200,260,205,235,205,195,215,215,205,130,50,30,45,105,170,135,200,85,80,50,40,60,35,45,115,125,230,145,:,:
Sweden,"3,180","2,205","1,635","1,830","1,740","1,630","1,895","1,925","2,140","2,190","1,840","2,060","1,860","1,595","1,645","1,500","1,545","1,835","2,020","2,360","2,150","2,280","2,355","2,465","2,225","2,325","3,565","2,150","1,870","1,910","1,895","2,735","3,880","4,190","2,830","2,210","1,960","1,955","2,300","2,030","2,370","1,960","2,060","2,565","2,795","3,030","3,110","3,490","2,720","2,365","2,470","2,445","3,245","3,090","4,110","4,355","4,910","5,490","4,560","4,080","3,385","2,610","2,630","2,705","2,730","2,660","3,580","4,390","7,270","7,375","5,025","4,870","3,945","3,660","3,905","4,375","5,560","7,505","8,885","8,380","9,400","7,545","5,515","6,310","4,340","3,515","3,560","3,405","4,850","6,045","7,515","11,270","23,735","38,535","36,075","13,275","3,740","2,240","1,730","1,540","1,460","1,435","1,525","1,700","1,790","1,880","1,720","1,570","1,555","1,315","1,520","1,250","1,420","2,055","2,095","2,670","2,490","2,220","1,930","1,665","1,790","1,355","1,295","1,280","1,365","1,355","1,580","1,690","1,595","1,785","1,505","1,485","1,605","1,420","1,510","1,475","1,525","1,725","2,415","2,675","2,810","2,450","1,800","1,710","1,850","1,450","1,475",845,795,795,"1,015","1,210","1,235","1,170",925,830,680,680,790,575,585,715,790,995,"1,055","1,125",:
Iceland,:,:,:,:,:,:,:,:,:,:,:,:,:,:,:,:,:,:,:,:,:,:,:,:,:,:,:,:,:,:,:,:,:,:,:,:,:,:,:,:,:,:,:,:,:,:,:,:,:,:,:,:,:,:,:,:,:,:,:,:,:,:,:,:,:,:,:,:,:,:,:,:,:,:,:,:,:,:,:,:,:,:,:,:,15,25,10,20,5,20,20,45,60,55,45,35,45,40,45,40,55,40,40,65,175,200,255,105,65,70,80,60,80,125,125,150,105,80,65,60,50,40,45,40,50,75,45,60,90,90,75,80,65,65,70,35,50,45,70,75,95,70,75,90,85,90,55,5,0,15,95,60,75,80,20,35,40,20,30,35,25,80,50,90,75,:,:
Liechtenstein,:,:,:,:,:,:,:,:,:,:,:,:,:,:,:,:,:,:,:,:,:,:,:,:,:,:,:,:,:,:,:,:,:,:,:,:,:,:,:,:,:,:,:,:,:,:,:,:,:,:,:,:,:,:,:,:,:,:,:,:,:,:,:,:,:,:,:,:,:,:,:,:,:,:,:,:,:,:,:,:,:,:,:,:,:,:,:,:,:,:,:,:,:,:,:,:,0,5,5,10,10,5,10,0,10,10,5,10,25,25,15,10,10,15,10,10,0,10,10,10,15,25,10,20,5,25,15,10,10,5,0,5,5,5,5,5,5,0,10,5,0,0,5,0,0,10,0,0,0,0,0,5,0,5,0,0,0,5,5,5,15,0,15,5,5,:,:
Norway,830,755,805,815,955,"1,040","1,400","1,655","1,510","1,425","1,405","1,425","1,295","1,145","1,225","1,235","1,455","1,500","1,715","1,745","1,565","1,435","1,140","1,025",810,690,870,530,620,670,830,940,875,895,800,740,765,600,635,625,810,775,685,785,810,735,630,665,720,605,605,630,635,775,830,905,890,955,825,840,935,645,810,760,730,885,"1,225","1,560","1,330","1,035",805,715,690,545,650,775,"1,225","1,150",970,"1,065","1,270","1,010",825,730,560,480,480,520,"1,160","1,075","1,335","2,285","4,890","8,570","8,105","1,005",380,235,270,225,195,245,255,290,260,255,225,410,465,305,395,340,405,340,255,230,165,165,130,150,150,140,140,170,170,290,385,280,255,230,160,160,175,150,150,155,120,175,175,230,235,240,200,160,215,165,95,30,30,60,130,200,130,130,70,65,40,40,95,70,70,105,160,185,300,150,:
Switzerland,895,750,770,975,815,"1,035",990,"1,480","1,570","1,940","1,915","1,975","2,125","1,255","1,160","1,075",955,"1,060","1,160","1,080","1,110","1,155","1,235","1,040","1,070","1,020","1,155","1,045",940,"1,095",960,"1,170","1,205","1,225","1,345","1,195","1,050","1,050","1,595","1,295","2,005","1,430","1,465","1,485","1,755","1,810","2,195","2,090","2,250","1,910","1,905","2,130","2,115","2,355","2,610","2,600","2,075","2,195","2,185","1,460","1,935","1,625","1,655","1,875","1,500","1,410","1,660","1,400","1,295","1,615","1,745","1,605","1,695","1,350","1,410","1,365","1,560","2,090","2,720","2,380","2,235","2,215","1,545","1,375","1,450","1,300","1,375","1,270","2,070","3,665","3,785","3,785","4,410","4,635","5,555","4,760","3,510","2,545","1,890","1,620","1,785","2,215","2,360","2,310","2,085","2,005","1,840","1,660","1,490","1,380","1,485","1,225","1,345","1,535","1,555","1,540","1,300","1,385","1,295","1,075","1,270","1,210","1,140","1,120","1,115","1,075","1,230","1,030",970,"1,285","1,130",890,"1,045","1,100","1,095",990,"1,085",880,"1,155","1,025","1,065","1,120","1,025",960,"1,090",920,830,280,310,500,930,860,"1,025","1,025","1,065",890,720,700,820,725,875,"1,215","1,235","1,425","1,370","1,360",:
United Kingdom,"2,770","2,580","2,580","2,330","2,270","2,465","2,820","2,440","2,915","2,850","2,610","2,670","3,325","3,305","3,935","2,865","2,355","2,375","2,295","2,060","2,085","2,255","2,135","1,655","1,760","1,845","1,945","1,895","1,790","1,925","1,815","1,800","1,985","2,055","2,065","1,740","2,085","1,925","2,200","1,980","2,030","2,210","2,345","2,040","2,205","2,135","2,555","2,165","2,230","1,880","2,210","1,910","2,405","2,035","2,445","2,355","2,575","2,845","2,750","2,250","2,460","2,310","2,335","2,460","2,390","2,405","2,725","2,390","2,605","2,830","2,510","2,220","2,490","2,415","2,775","2,285","2,210","2,550","2,980","2,880","3,165","3,255","2,615","2,505","2,880","2,305","2,525","2,015","2,615","3,140","4,405","3,720","4,115","5,170","3,450","3,375","3,790","3,355","3,240","3,615","3,285","3,145","2,935","3,185","3,305","2,920","3,140","3,320","2,905","2,560","3,240","2,280","2,910","2,830","2,745","2,790","2,920","3,150","3,200","2,825","3,030","2,810","3,085","2,680","2,955","3,025","3,435","3,130","3,305","3,370","3,885","3,690","3,720","3,315","4,090","3,425","3,165","2,875","3,765","3,670","4,120","4,415","3,935","3,750","4,210","3,755","2,575","1,175","2,085","2,265","2,790","3,160","3,970","2,980","3,345",:,:,:,:,:,:,:,:,:,:,:,:
Total,"14,760","12,785","12,365","12,740","13,575","14,135","16,785","16,875","18,220","18,170","16,265","15,345","19,660","18,085","19,025","17,960","16,925","17,920","19,550","18,825","19,055","20,685","20,365","18,410","16,850","18,405","20,175","16,065","15,735","16,825","17,270","19,645","22,620","24,395","22,200","20,040","19,615","21,010","24,190","21,760","27,865","25,135","24,535","24,810","26,540","25,920","25,515","24,060","23,315","21,430","22,120","20,525","22,925","23,510","26,845","27,585","29,615","36,895","32,525","25,980","28,300","25,210","27,615","31,120","31,760","33,555","35,970","34,130","38,995","42,865","37,450","31,600","38,160","32,915","34,985","36,960","41,675","44,660","55,170","53,625","65,260","66,175","61,060","64,885","63,415","67,875","63,960","60,975","71,420","95,015","121,480","147,485","174,770","180,455","168,375","110,240","101,200","112,465","103,525","107,360","101,225","121,555","117,210","135,955","121,425","80,630","72,615","61,130","59,830","56,970","63,695","48,035","55,735","57,740","57,535","59,950","57,460","57,700","56,360","44,780","56,005","48,295","49,015","49,585","51,370","49,705","53,770","50,595","51,865","59,715","56,130","43,350","58,735","54,945","56,875","53,000","54,880","48,795","60,760","54,830","59,980","68,765","65,150","54,380","68,200","60,670","35,035","9,480","14,450","30,750","41,510","40,740","43,760","43,530","41,275","31,680",:,:,:,:,:,:,:,:,:,:,:
